Model,JPEG_Quality,Accuracy,Precision,Recall,F1_Score,AUC_ROC
LightweightCNN,100,0.9475,0.9493174711982982,0.9475,0.9474468561588221,0.992138825
LightweightCNN,80,0.92675,0.9329323826574439,0.92675,0.9264875559803221,0.990150085
LightweightCNN,60,0.9519,0.9525466167078167,0.9519,0.9518828120592957,0.991035385
LightweightCNN,40,0.84755,0.8774608467862475,0.84755,0.8444688402388543,0.97285442
ResNet50,100,0.98155,0.9815535105250917,0.9815499999999999,0.9815499663748137,0.997807365
ResNet50,80,0.9787,0.9788319469312965,0.9787,0.9786985325419069,0.9975967649999999
ResNet50,60,0.97555,0.9757058459922054,0.97555,0.9755479973198505,0.9968595799999999
ResNet50,40,0.8763,0.8990159628016601,0.8763000000000001,0.8745140220740284,0.9765537950000001
EfficientNetV2B0,100,0.9852,0.9852141488445803,0.9852000000000001,0.9851998921072134,0.998605985
EfficientNetV2B0,80,0.98235,0.9824011779409678,0.9823500000000001,0.9823495318654589,0.99812658
EfficientNetV2B0,60,0.9743,0.9743048568817345,0.9742999999999999,0.9742999342078316,0.9968571900000001
EfficientNetV2B0,40,0.9171,0.9262100000739812,0.9171,0.9166546348734561,0.9845522500000001
