Model,Kategori,Category,Accuracy,Recall_REAL,Recall_FAKE,N
LightweightCNN,pesawat,airplane,0.9445,0.952,0.937,2000
LightweightCNN,mobil,automobile,0.954,0.977,0.931,2000
LightweightCNN,burung,bird,0.9055,0.961,0.85,2000
LightweightCNN,kucing,cat,0.9575,0.985,0.93,2000
LightweightCNN,rusa,deer,0.9805,0.993,0.968,2000
LightweightCNN,anjing,dog,0.953,0.989,0.917,2000
LightweightCNN,katak,frog,0.984,0.987,0.981,2000
LightweightCNN,kuda,horse,0.9465,0.987,0.906,2000
LightweightCNN,kapal,ship,0.918,0.98,0.856,2000
LightweightCNN,truk,truck,0.9315,0.982,0.881,2000
ResNet50,pesawat,airplane,0.9665,0.958,0.975,2000
ResNet50,mobil,automobile,0.985,0.986,0.984,2000
ResNet50,burung,bird,0.958,0.945,0.971,2000
ResNet50,kucing,cat,0.9875,0.988,0.987,2000
ResNet50,rusa,deer,0.9945,0.994,0.995,2000
ResNet50,anjing,dog,0.988,0.985,0.991,2000
ResNet50,katak,frog,0.9975,0.997,0.998,2000
ResNet50,kuda,horse,0.989,0.991,0.987,2000
ResNet50,kapal,ship,0.9755,0.985,0.966,2000
ResNet50,truk,truck,0.974,0.973,0.975,2000
EfficientNetV2B0,pesawat,airplane,0.976,0.966,0.986,2000
EfficientNetV2B0,mobil,automobile,0.988,0.985,0.991,2000
EfficientNetV2B0,burung,bird,0.962,0.949,0.975,2000
EfficientNetV2B0,kucing,cat,0.989,0.99,0.988,2000
EfficientNetV2B0,rusa,deer,0.994,0.993,0.995,2000
EfficientNetV2B0,anjing,dog,0.992,0.994,0.99,2000
EfficientNetV2B0,katak,frog,0.995,0.993,0.997,2000
EfficientNetV2B0,kuda,horse,0.9895,0.988,0.991,2000
EfficientNetV2B0,kapal,ship,0.98,0.979,0.981,2000
EfficientNetV2B0,truk,truck,0.9865,0.988,0.985,2000
